ID sản phẩm,Trạng thái
1,Lỗi
2,Lỗi
3,Lỗi
4,Lỗi
5,Lỗi
6,Lỗi
7,Lỗi
8,Lỗi
9,Lỗi
10,Lỗi
11,Lỗi
12,Lỗi
13,Lỗi
14,Lỗi
15,Lỗi
16,Lỗi
17,Lỗi
18,Lỗi
19,Lỗi
20,Lỗi
21,Lỗi
22,Lỗi
23,Lỗi
24,Lỗi
25,Không lỗi
26,Không lỗi
27,Không lỗi
28,Không lỗi
29,Không lỗi
30,Không lỗi
31,Không lỗi
32,Không lỗi
33,Không lỗi
34,Không lỗi
35,Không lỗi
36,Không lỗi
37,Không lỗi
38,Không lỗi
39,Không lỗi
40,Không lỗi
41,Không lỗi
42,Không lỗi
43,Không lỗi
44,Không lỗi
45,Không lỗi
46,Không lỗi
47,Không lỗi
48,Không lỗi
49,Không lỗi
50,Không lỗi
51,Không lỗi
52,Không lỗi
53,Không lỗi
54,Không lỗi
55,Không lỗi
56,Không lỗi
57,Không lỗi
58,Không lỗi
59,Không lỗi
60,Không lỗi
61,Không lỗi
62,Không lỗi
63,Không lỗi
64,Không lỗi
65,Không lỗi
66,Không lỗi
67,Không lỗi
68,Không lỗi
69,Không lỗi
70,Không lỗi
71,Không lỗi
72,Không lỗi
73,Không lỗi
74,Không lỗi
75,Không lỗi
76,Không lỗi
77,Không lỗi
78,Không lỗi
79,Không lỗi
80,Không lỗi
81,Không lỗi
82,Không lỗi
83,Không lỗi
84,Không lỗi
85,Không lỗi
86,Không lỗi
87,Không lỗi
88,Không lỗi
89,Không lỗi
90,Không lỗi
91,Không lỗi
92,Không lỗi
93,Không lỗi
94,Không lỗi
95,Không lỗi
96,Không lỗi
97,Không lỗi
98,Không lỗi
99,Không lỗi
100,Không lỗi
101,Không lỗi
102,Không lỗi
103,Không lỗi
104,Không lỗi
105,Không lỗi
106,Không lỗi
107,Không lỗi
108,Không lỗi
109,Không lỗi
110,Không lỗi
111,Không lỗi
112,Không lỗi
113,Không lỗi
114,Không lỗi
115,Không lỗi
116,Không lỗi
117,Không lỗi
118,Không lỗi
119,Không lỗi
120,Không lỗi
121,Không lỗi
122,Không lỗi
123,Không lỗi
124,Không lỗi
125,Không lỗi
126,Không lỗi
127,Không lỗi
128,Không lỗi
129,Không lỗi
130,Không lỗi
131,Không lỗi
132,Không lỗi
133,Không lỗi
134,Không lỗi
135,Không lỗi
136,Không lỗi
137,Không lỗi
138,Không lỗi
139,Không lỗi
140,Không lỗi
141,Không lỗi
142,Không lỗi
143,Không lỗi
144,Không lỗi
145,Không lỗi
146,Không lỗi
147,Không lỗi
148,Không lỗi
149,Không lỗi
150,Không lỗi
151,Không lỗi
152,Không lỗi
153,Không lỗi
154,Không lỗi
155,Không lỗi
156,Không lỗi
157,Không lỗi
158,Không lỗi
159,Không lỗi
160,Không lỗi
161,Không lỗi
162,Không lỗi
163,Không lỗi
164,Không lỗi
165,Không lỗi
166,Không lỗi
167,Không lỗi
168,Không lỗi
169,Không lỗi
170,Không lỗi
171,Không lỗi
172,Không lỗi
173,Không lỗi
174,Không lỗi
175,Không lỗi
176,Không lỗi
177,Không lỗi
178,Không lỗi
179,Không lỗi
180,Không lỗi
181,Không lỗi
182,Không lỗi
183,Không lỗi
184,Không lỗi
185,Không lỗi
186,Không lỗi
187,Không lỗi
188,Không lỗi
189,Không lỗi
190,Không lỗi
191,Không lỗi
192,Không lỗi
193,Không lỗi
194,Không lỗi
195,Không lỗi
196,Không lỗi
197,Không lỗi
198,Không lỗi
199,Không lỗi
200,Không lỗi
201,Không lỗi
202,Không lỗi
203,Không lỗi
204,Không lỗi
205,Không lỗi
206,Không lỗi
207,Không lỗi
208,Không lỗi
209,Không lỗi
210,Không lỗi
211,Không lỗi
212,Không lỗi
213,Không lỗi
214,Không lỗi
215,Không lỗi
216,Không lỗi
217,Không lỗi
218,Không lỗi
219,Không lỗi
220,Không lỗi
221,Không lỗi
222,Không lỗi
223,Không lỗi
224,Không lỗi
225,Không lỗi
226,Không lỗi
227,Không lỗi
228,Không lỗi
229,Không lỗi
230,Không lỗi
231,Không lỗi
232,Không lỗi
233,Không lỗi
234,Không lỗi
235,Không lỗi
236,Không lỗi
237,Không lỗi
238,Không lỗi
239,Không lỗi
240,Không lỗi
241,Không lỗi
242,Không lỗi
243,Không lỗi
244,Không lỗi
245,Không lỗi
246,Không lỗi
247,Không lỗi
248,Không lỗi
249,Không lỗi
250,Không lỗi
251,Không lỗi
252,Không lỗi
253,Không lỗi
254,Không lỗi
255,Không lỗi
256,Không lỗi
257,Không lỗi
258,Không lỗi
259,Không lỗi
260,Không lỗi
261,Không lỗi
262,Không lỗi
263,Không lỗi
264,Không lỗi
265,Không lỗi
266,Không lỗi
267,Không lỗi
268,Không lỗi
269,Không lỗi
270,Không lỗi
271,Không lỗi
272,Không lỗi
273,Không lỗi
274,Không lỗi
275,Không lỗi
276,Không lỗi
277,Không lỗi
278,Không lỗi
279,Không lỗi
280,Không lỗi
281,Không lỗi
282,Không lỗi
283,Không lỗi
284,Không lỗi
285,Không lỗi
286,Không lỗi
287,Không lỗi
288,Không lỗi
289,Không lỗi
290,Không lỗi
291,Không lỗi
292,Không lỗi
293,Không lỗi
294,Không lỗi
295,Không lỗi
296,Không lỗi
297,Không lỗi
298,Không lỗi
299,Không lỗi
300,Không lỗi
301,Không lỗi
302,Không lỗi
303,Không lỗi
304,Không lỗi
305,Không lỗi
306,Không lỗi
307,Không lỗi
308,Không lỗi
309,Không lỗi
310,Không lỗi
311,Không lỗi
312,Không lỗi
313,Không lỗi
314,Không lỗi
315,Không lỗi
316,Không lỗi
317,Không lỗi
318,Không lỗi
319,Không lỗi
320,Không lỗi
321,Không lỗi
322,Không lỗi
323,Không lỗi
324,Không lỗi
325,Không lỗi
326,Không lỗi
327,Không lỗi
328,Không lỗi
329,Không lỗi
330,Không lỗi
331,Không lỗi
332,Không lỗi
333,Không lỗi
334,Không lỗi
335,Không lỗi
336,Không lỗi
337,Không lỗi
338,Không lỗi
339,Không lỗi
340,Không lỗi
341,Không lỗi
342,Không lỗi
343,Không lỗi
344,Không lỗi
345,Không lỗi
346,Không lỗi
347,Không lỗi
348,Không lỗi
349,Không lỗi
350,Không lỗi
351,Không lỗi
352,Không lỗi
353,Không lỗi
354,Không lỗi
355,Không lỗi
356,Không lỗi
357,Không lỗi
358,Không lỗi
359,Không lỗi
360,Không lỗi
361,Không lỗi
362,Không lỗi
363,Không lỗi
364,Không lỗi
365,Không lỗi
366,Không lỗi
367,Không lỗi
368,Không lỗi
369,Không lỗi
370,Không lỗi
371,Không lỗi
372,Không lỗi
373,Không lỗi
374,Không lỗi
375,Không lỗi
376,Không lỗi
377,Không lỗi
378,Không lỗi
379,Không lỗi
380,Không lỗi
381,Không lỗi
382,Không lỗi
383,Không lỗi
384,Không lỗi
385,Không lỗi
386,Không lỗi
387,Không lỗi
388,Không lỗi
389,Không lỗi
390,Không lỗi
391,Không lỗi
392,Không lỗi
393,Không lỗi
394,Không lỗi
395,Không lỗi
396,Không lỗi
397,Không lỗi
398,Không lỗi
399,Không lỗi
400,Không lỗi
401,Không lỗi
402,Không lỗi
403,Không lỗi
404,Không lỗi
405,Không lỗi
406,Không lỗi
407,Không lỗi
408,Không lỗi
409,Không lỗi
410,Không lỗi
411,Không lỗi
412,Không lỗi
413,Không lỗi
414,Không lỗi
415,Không lỗi
416,Không lỗi
417,Không lỗi
418,Không lỗi
419,Không lỗi
420,Không lỗi
421,Không lỗi
422,Không lỗi
423,Không lỗi
424,Không lỗi
425,Không lỗi
426,Không lỗi
427,Không lỗi
428,Không lỗi
429,Không lỗi
430,Không lỗi
431,Không lỗi
432,Không lỗi
433,Không lỗi
434,Không lỗi
435,Không lỗi
436,Không lỗi
437,Không lỗi
438,Không lỗi
439,Không lỗi
440,Không lỗi
441,Không lỗi
442,Không lỗi
443,Không lỗi
444,Không lỗi
445,Không lỗi
446,Không lỗi
447,Không lỗi
448,Không lỗi
449,Không lỗi
450,Không lỗi
451,Không lỗi
452,Không lỗi
453,Không lỗi
454,Không lỗi
455,Không lỗi
456,Không lỗi
457,Không lỗi
458,Không lỗi
459,Không lỗi
460,Không lỗi
461,Không lỗi
462,Không lỗi
463,Không lỗi
464,Không lỗi
465,Không lỗi
466,Không lỗi
467,Không lỗi
468,Không lỗi
469,Không lỗi
470,Không lỗi
471,Không lỗi
472,Không lỗi
473,Không lỗi
474,Không lỗi
475,Không lỗi
476,Không lỗi
477,Không lỗi
478,Không lỗi
479,Không lỗi
480,Không lỗi
481,Không lỗi
482,Không lỗi
483,Không lỗi
484,Không lỗi
485,Không lỗi
486,Không lỗi
487,Không lỗi
488,Không lỗi
489,Không lỗi
490,Không lỗi
491,Không lỗi
492,Không lỗi
493,Không lỗi
494,Không lỗi
495,Không lỗi
496,Không lỗi
497,Không lỗi
498,Không lỗi
499,Không lỗi
500,Không lỗi
501,Không lỗi
502,Không lỗi
503,Không lỗi
504,Không lỗi
505,Không lỗi
506,Không lỗi
507,Không lỗi
508,Không lỗi
509,Không lỗi
510,Không lỗi
511,Không lỗi
512,Không lỗi
513,Không lỗi
514,Không lỗi
515,Không lỗi
516,Không lỗi
517,Không lỗi
518,Không lỗi
519,Không lỗi
520,Không lỗi
521,Không lỗi
522,Không lỗi
523,Không lỗi
524,Không lỗi
525,Không lỗi
526,Không lỗi
527,Không lỗi
528,Không lỗi
529,Không lỗi
530,Không lỗi
531,Không lỗi
532,Không lỗi
533,Không lỗi
534,Không lỗi
535,Không lỗi
536,Không lỗi
537,Không lỗi
538,Không lỗi
539,Không lỗi
540,Không lỗi
541,Không lỗi
542,Không lỗi
543,Không lỗi
544,Không lỗi
545,Không lỗi
546,Không lỗi
547,Không lỗi
548,Không lỗi
549,Không lỗi
550,Không lỗi
551,Không lỗi
552,Không lỗi
553,Không lỗi
554,Không lỗi
555,Không lỗi
556,Không lỗi
557,Không lỗi
558,Không lỗi
559,Không lỗi
560,Không lỗi
561,Không lỗi
562,Không lỗi
563,Không lỗi
564,Không lỗi
565,Không lỗi
566,Không lỗi
567,Không lỗi
568,Không lỗi
569,Không lỗi
570,Không lỗi
571,Không lỗi
572,Không lỗi
573,Không lỗi
574,Không lỗi
575,Không lỗi
576,Không lỗi
577,Không lỗi
578,Không lỗi
579,Không lỗi
580,Không lỗi
581,Không lỗi
582,Không lỗi
583,Không lỗi
584,Không lỗi
585,Không lỗi
586,Không lỗi
587,Không lỗi
588,Không lỗi
589,Không lỗi
590,Không lỗi
591,Không lỗi
592,Không lỗi
593,Không lỗi
594,Không lỗi
595,Không lỗi
596,Không lỗi
597,Không lỗi
598,Không lỗi
599,Không lỗi
600,Không lỗi
601,Không lỗi
602,Không lỗi
603,Không lỗi
604,Không lỗi
605,Không lỗi
606,Không lỗi
607,Không lỗi
608,Không lỗi
609,Không lỗi
610,Không lỗi
611,Không lỗi
612,Không lỗi
613,Không lỗi
614,Không lỗi
615,Không lỗi
616,Không lỗi
617,Không lỗi
618,Không lỗi
619,Không lỗi
620,Không lỗi
621,Không lỗi
622,Không lỗi
623,Không lỗi
624,Không lỗi
625,Không lỗi
626,Không lỗi
627,Không lỗi
628,Không lỗi
629,Không lỗi
630,Không lỗi
631,Không lỗi
632,Không lỗi
633,Không lỗi
634,Không lỗi
635,Không lỗi
636,Không lỗi
637,Không lỗi
638,Không lỗi
639,Không lỗi
640,Không lỗi
641,Không lỗi
642,Không lỗi
643,Không lỗi
644,Không lỗi
645,Không lỗi
646,Không lỗi
647,Không lỗi
648,Không lỗi
649,Không lỗi
650,Không lỗi
651,Không lỗi
652,Không lỗi
653,Không lỗi
654,Không lỗi
655,Không lỗi
656,Không lỗi
657,Không lỗi
658,Không lỗi
659,Không lỗi
660,Không lỗi
661,Không lỗi
662,Không lỗi
663,Không lỗi
664,Không lỗi
665,Không lỗi
666,Không lỗi
667,Không lỗi
668,Không lỗi
669,Không lỗi
670,Không lỗi
671,Không lỗi
672,Không lỗi
673,Không lỗi
674,Không lỗi
675,Không lỗi
676,Không lỗi
677,Không lỗi
678,Không lỗi
679,Không lỗi
680,Không lỗi
681,Không lỗi
682,Không lỗi
683,Không lỗi
684,Không lỗi
685,Không lỗi
686,Không lỗi
687,Không lỗi
688,Không lỗi
689,Không lỗi
690,Không lỗi
691,Không lỗi
692,Không lỗi
693,Không lỗi
694,Không lỗi
695,Không lỗi
696,Không lỗi
697,Không lỗi
698,Không lỗi
699,Không lỗi
700,Không lỗi
701,Không lỗi
702,Không lỗi
703,Không lỗi
704,Không lỗi
705,Không lỗi
706,Không lỗi
707,Không lỗi
708,Không lỗi
709,Không lỗi
710,Không lỗi
711,Không lỗi
712,Không lỗi
713,Không lỗi
714,Không lỗi
715,Không lỗi
716,Không lỗi
717,Không lỗi
718,Không lỗi
719,Không lỗi
720,Không lỗi
721,Không lỗi
722,Không lỗi
723,Không lỗi
724,Không lỗi
725,Không lỗi
726,Không lỗi
727,Không lỗi
728,Không lỗi
729,Không lỗi
730,Không lỗi
731,Không lỗi
732,Không lỗi
733,Không lỗi
734,Không lỗi
735,Không lỗi
736,Không lỗi
737,Không lỗi
738,Không lỗi
739,Không lỗi
740,Không lỗi
741,Không lỗi
742,Không lỗi
743,Không lỗi
744,Không lỗi
745,Không lỗi
746,Không lỗi
747,Không lỗi
748,Không lỗi
749,Không lỗi
750,Không lỗi
751,Không lỗi
752,Không lỗi
753,Không lỗi
754,Không lỗi
755,Không lỗi
756,Không lỗi
757,Không lỗi
758,Không lỗi
759,Không lỗi
760,Không lỗi
761,Không lỗi
762,Không lỗi
763,Không lỗi
764,Không lỗi
765,Không lỗi
766,Không lỗi
767,Không lỗi
768,Không lỗi
769,Không lỗi
770,Không lỗi
771,Không lỗi
772,Không lỗi
773,Không lỗi
774,Không lỗi
775,Không lỗi
776,Không lỗi
777,Không lỗi
778,Không lỗi
779,Không lỗi
780,Không lỗi
781,Không lỗi
782,Không lỗi
783,Không lỗi
784,Không lỗi
785,Không lỗi
786,Không lỗi
787,Không lỗi
788,Không lỗi
789,Không lỗi
790,Không lỗi
791,Không lỗi
792,Không lỗi
793,Không lỗi
794,Không lỗi
795,Không lỗi
796,Không lỗi
797,Không lỗi
798,Không lỗi
799,Không lỗi
800,Không lỗi
